prediction,bin_lower,bin_upper,n_plays,mean_prediction,actual_win_rate
wp,0.0,0.1,145101,0.033084450776223996,0.03242568969200764
wp,0.1,0.2,94076,0.1503687284731229,0.15174964921977976
wp,0.2,0.3,101631,0.2512738335811793,0.25812990130963975
wp,0.3,0.4,113269,0.3500114899901869,0.3564523391219133
wp,0.4,0.5,135295,0.44837049059612377,0.45147270778668835
wp,0.5,0.6,145152,0.5505671500824174,0.5504781194885362
wp,0.6,0.7,124144,0.6481446510571266,0.640876723804614
wp,0.7,0.8,109527,0.7482767362400129,0.742830534936591
wp,0.8,0.9,96018,0.8501425672408639,0.8502364140057073
wp,0.9,1.0,150131,0.9655928468609974,0.9675616628144753
vegas_wp,0.0,0.1,180700,0.03363198736581977,0.03448810182623132
vegas_wp,0.1,0.2,101789,0.14990368130640885,0.15758087809095286
vegas_wp,0.2,0.3,107361,0.24957147746258437,0.25881837911345834
vegas_wp,0.3,0.4,101028,0.34977036359663627,0.3514867165538267
vegas_wp,0.4,0.5,105395,0.4496939249908104,0.4488827743251577
vegas_wp,0.5,0.6,103463,0.5515088870723103,0.5512985318423012
vegas_wp,0.6,0.7,110305,0.6496362223742776,0.6514029282444133
vegas_wp,0.7,0.8,110374,0.749584679418219,0.7433634732817511
vegas_wp,0.8,0.9,108551,0.8500486367218805,0.841309614835423
vegas_wp,0.9,1.0,185378,0.9664343513214448,0.9669486131040361
